<?xml version="1.0"?>
<Runs Version="1" Minor="0">
	<Run Id="design_1_auto_us_1_synth_1" LaunchDir="C:/Users/corey1/zybo/Zybo-DMA-mics/proj/DMA.runs/design_1_auto_us_1_synth_1" FlowId="Vivado_Synthesis" FromStepId="vivado" ToStepId="vivado"/>
	<Run Id="design_1_xlconstant_1_0_synth_1" LaunchDir="C:/Users/corey1/zybo/Zybo-DMA-mics/proj/DMA.runs/design_1_xlconstant_1_0_synth_1" FlowId="Vivado_Synthesis" FromStepId="vivado" ToStepId="vivado"/>
	<Run Id="design_1_auto_pc_0_synth_1" LaunchDir="C:/Users/corey1/zybo/Zybo-DMA-mics/proj/DMA.runs/design_1_auto_pc_0_synth_1" FlowId="Vivado_Synthesis" FromStepId="vivado" ToStepId="vivado"/>
	<Run Id="design_1_auto_pc_1_synth_1" LaunchDir="C:/Users/corey1/zybo/Zybo-DMA-mics/proj/DMA.runs/design_1_auto_pc_1_synth_1" FlowId="Vivado_Synthesis" FromStepId="vivado" ToStepId="vivado"/>
	<Run Id="design_1_auto_us_0_synth_1" LaunchDir="C:/Users/corey1/zybo/Zybo-DMA-mics/proj/DMA.runs/design_1_auto_us_0_synth_1" FlowId="Vivado_Synthesis" FromStepId="vivado" ToStepId="vivado"/>
	<Run Id="synth_1" LaunchDir="C:/Users/corey1/zybo/Zybo-DMA-mics/proj/DMA.runs/synth_1" FlowId="Vivado_Synthesis" FromStepId="vivado" ToStepId="vivado">
		<Parent Id="design_1_auto_us_1_synth_1"/>
		<Parent Id="design_1_xlconstant_1_0_synth_1"/>
		<Parent Id="design_1_auto_pc_0_synth_1"/>
		<Parent Id="design_1_auto_pc_1_synth_1"/>
		<Parent Id="design_1_auto_us_0_synth_1"/>
	</Run>
	<Run Id="impl_1" LaunchDir="C:/Users/corey1/zybo/Zybo-DMA-mics/proj/DMA.runs/impl_1" FlowId="Vivado_Implementation" FromStepId="init_design" ToStepId="write_bitstream">
		<Parent Id="synth_1"/>
		<Parent Id="design_1_auto_us_1_synth_1"/>
		<Parent Id="design_1_xlconstant_1_0_synth_1"/>
		<Parent Id="design_1_auto_pc_0_synth_1"/>
		<Parent Id="design_1_auto_pc_1_synth_1"/>
		<Parent Id="design_1_auto_us_0_synth_1"/>
	</Run>
</Runs>

