<?xml version="1.0" encoding="utf-8"?>
<xd:acceleratorMap xmlns:xd="http://www.xilinx.com/xidane" xd:functionName="sum_channels_stereo" xd:componentRef="sum_channels_stereo" xd:initiationInterval="50" xd:clockPeriod="10.000000" xd:sequential="true" xd:hostMachine="64" xd:reset="control">
  <xd:arg xd:name="AXI_MM2S[].data" xd:originalName="AXI_MM2S" xd:direction="in" xd:interfaceRef="AXI_MM2S" xd:busTypeRef="axis" xd:arraySize="16" xd:dataWidth="128"/>
  <xd:arg xd:name="AXI_MM2S[].keep" xd:originalName="AXI_MM2S" xd:direction="in" xd:interfaceRef="AXI_MM2S" xd:busTypeRef="axis" xd:arraySize="16" xd:dataWidth="16"/>
  <xd:arg xd:name="AXI_MM2S[].last" xd:originalName="AXI_MM2S" xd:direction="in" xd:interfaceRef="AXI_MM2S" xd:busTypeRef="axis" xd:arraySize="16" xd:dataWidth="1"/>
  <xd:arg xd:name="sum_en" xd:originalName="sum_en" xd:direction="in" xd:interfaceRef="sum_en_V" xd:busTypeRef="register" xd:handshakeRef="ap_none" xd:dataWidth="1"/>
  <xd:arg xd:name="AXI_S2MM[].data" xd:originalName="AXI_S2MM" xd:direction="out" xd:interfaceRef="AXI_S2MM" xd:busTypeRef="axis" xd:arraySize="16" xd:dataWidth="32"/>
  <xd:arg xd:name="AXI_S2MM[].keep" xd:originalName="AXI_S2MM" xd:direction="out" xd:interfaceRef="AXI_S2MM" xd:busTypeRef="axis" xd:arraySize="16" xd:dataWidth="4"/>
  <xd:arg xd:name="AXI_S2MM[].last" xd:originalName="AXI_S2MM" xd:direction="out" xd:interfaceRef="AXI_S2MM" xd:busTypeRef="axis" xd:arraySize="16" xd:dataWidth="1"/>
  <xd:arg xd:name="AXIS_Passthrough[].data" xd:originalName="AXIS_Passthrough" xd:direction="out" xd:interfaceRef="AXIS_Passthrough" xd:busTypeRef="axis" xd:arraySize="16" xd:dataWidth="128"/>
  <xd:arg xd:name="AXIS_Passthrough[].keep" xd:originalName="AXIS_Passthrough" xd:direction="out" xd:interfaceRef="AXIS_Passthrough" xd:busTypeRef="axis" xd:arraySize="16" xd:dataWidth="16"/>
  <xd:arg xd:name="AXIS_Passthrough[].last" xd:originalName="AXIS_Passthrough" xd:direction="out" xd:interfaceRef="AXIS_Passthrough" xd:busTypeRef="axis" xd:arraySize="16" xd:dataWidth="1"/>
  <xd:latencyEstimates xd:best-case="49" xd:worst-case="49" xd:average-case="49"/>
  <xd:resourceEstimates xd:LUT="486" xd:FF="704" xd:BRAM="0" xd:DSP="0"/>
</xd:acceleratorMap>
